sentiment: False;word2vec: False;MAP: 0.03258547008547009
1;0.8761904761904761
2;0.325
3;0.8412257495590829
4;0.18253968253968253
5;0.42063492063492064
6;0.8956845238095237
7;0.7044217687074831
8;0.7048611111111112
9;0.8835317460317459
10;0.8099999999999999
11;0.1736111111111111
12;0.29166666666666663
13;0.0